{
  "runtimeOptions": {
    "tfm": "net8.0",
    "includedFrameworks": [
      {
        "name": "Microsoft.NETCore.App",
        "version": "8.0.10"
      }
    ],
    "configProperties": {
      "System.Reflection.Metadata.MetadataUpdater.IsSupported": false,
      "System.Runtime.Serialization.EnableUnsafeBinaryFormatterSerialization": false,
      "System.Runtime.TieredCompilation": true,
      "System.Runtime.TieredCompilation.QuickJit": true,
      "System.Runtime.TieredCompilation.QuickJitForLoops": true
    }
  }
}