{"Source":"InternalBuild","Data":{"System.CollectionId":"ee8504d9-65a6-4f6c-85ed-0ad4265128ee","System.DefinitionId":"3253","System.TeamProjectId":"9d7f7aa4-6f41-480d-a367-82eb278461a1","System.TeamProject":"PowerShellCore","Build.BuildId":"543829","Build.BuildNumber":"AIShell-Build-543829","Build.DefinitionName":"AIShell-Build-Official","Build.DefinitionRevision":"3","Build.Repository.Name":"ProjectMercury","Build.Repository.Provider":"TfsGit","Build.Repository.Id":"be120b0c-21b2-4347-97f4-965cdb7e732d","Build.SourceBranch":"refs/heads/release-bugbash","Build.SourceBranchName":"release-bugbash","Build.SourceVersion":"920d05d69c44e822768c65cf3e46e8b444a7db0c","Build.Repository.Uri":"https://mscodehub.visualstudio.com/PowerShellCore/_git/ProjectMercury","EbomId":"b0a2deff-91d9-5e3c-81a8-027cf76e5bfd","1ES.PT.TemplateType":"official"},"Feed":null}